{"count":24,"results":[{"id":1,"type":"standard","location":"cc0f50e57e5553c2a7050d6868766862/DHBWLogo.jpeg","challenge_id":null,"page_id":null},{"id":2,"type":"page","location":"9fefab2deab060e4e7f6a9dc5c70a022/rsa_for_user.py","challenge_id":null,"page_id":null},{"id":3,"type":"challenge","location":"b31e6bfe693ce7a77e2838e015da4b97/rsa_for_user.py","challenge_id":1,"page_id":null},{"id":4,"type":"challenge","location":"519eb4c2e86bf8ae83c288fd01f59972/main","challenge_id":2,"page_id":null},{"id":5,"type":"challenge","location":"1db98b60b7b0348a133aff48fc189935/main","challenge_id":3,"page_id":null},{"id":6,"type":"challenge","location":"0c194623ab0d5b356df11d6cc8a5dfc2/ArthurScherbius.txt","challenge_id":4,"page_id":null},{"id":8,"type":"challenge","location":"984f4844b450c39ec4beab82c929f903/otp.py","challenge_id":6,"page_id":null},{"id":9,"type":"challenge","location":"60ec25120f1b0c9830b446761043435f/monkey.jpg","challenge_id":8,"page_id":null},{"id":10,"type":"challenge","location":"2ef22873bffc7131042093fafa333d7d/code.txt","challenge_id":9,"page_id":null},{"id":11,"type":"challenge","location":"f2cd2e91570a4833bdab8b41a0ff622d/code_for_user.py","challenge_id":10,"page_id":null},{"id":12,"type":"challenge","location":"f3d5200d305bdcdef513c230c4080eb8/hidden.png","challenge_id":11,"page_id":null},{"id":13,"type":"challenge","location":"be68848de706195d52c43eda1f7b8e74/joke.jpg","challenge_id":12,"page_id":null},{"id":14,"type":"challenge","location":"dcff75921e7935542a9ffbd7d95a4b97/big_challenge.jpg","challenge_id":13,"page_id":null},{"id":15,"type":"challenge","location":"8a791df882d6b80c564baf7f815897f4/FeedbackCTF.docm","challenge_id":20,"page_id":null},{"id":16,"type":"challenge","location":"3ea1b3d57d991161334cf0f90ef23bec/cipher","challenge_id":7,"page_id":null},{"id":17,"type":"challenge","location":"94f3886d9b93ae7ee6572aa4033b9703/flagge.txt","challenge_id":4,"page_id":null},{"id":18,"type":"challenge","location":"f31a21650abc6da743760d2e0c0eaf3b/challenge.py","challenge_id":21,"page_id":null},{"id":19,"type":"challenge","location":"43d24378d99d51be8d0a602b2e57eafb/email.txt","challenge_id":22,"page_id":null},{"id":20,"type":"challenge","location":"2b90769a2c5425460b0f6a4f31299381/primes100.txt","challenge_id":5,"page_id":null},{"id":21,"type":"challenge","location":"2821ddcb848ae8b0d3bd117627ee1e5c/primes10000.txt","challenge_id":5,"page_id":null},{"id":22,"type":"challenge","location":"da71cec220f899b640c70b068a2e89fb/primes100000.txt","challenge_id":5,"page_id":null},{"id":23,"type":"challenge","location":"53a502cdfb2ab059f381bacceda445d8/rsa.py","challenge_id":5,"page_id":null},{"id":24,"type":"challenge","location":"194f708d2adaadce19027162149c548e/flag.pcap","challenge_id":24,"page_id":null},{"id":27,"type":"challenge","location":"bcaec8b8392912dc833be8a2d95b6398/website.zip","challenge_id":17,"page_id":null}],"meta":{}}