{"count":23,"results":[{"id":1,"challenge_id":1,"type":"static","content":"dhbw{use_save_keys}","data":""},{"id":2,"challenge_id":2,"type":"static","content":"dhbw{i_hope_you_did_not_bruteforce_it}","data":""},{"id":3,"challenge_id":3,"type":"static","content":"dhbw{looks_like_that_function_is_not_safe}","data":""},{"id":4,"challenge_id":4,"type":"static","content":"dhbw{veraltet_und_nicht_mehr_sicher}","data":""},{"id":5,"challenge_id":5,"type":"static","content":"dhbw{use_hmac}","data":""},{"id":6,"challenge_id":6,"type":"static","content":"dhbw{einonetimepadsollteeinonetimepadbleiben}","data":""},{"id":7,"challenge_id":7,"type":"static","content":"dhbw{siehtkomischaushatabereinedaseinsberechtigung}","data":""},{"id":8,"challenge_id":8,"type":"static","content":"dhbw{look_at_the_metadata}","data":""},{"id":9,"challenge_id":9,"type":"static","content":"dhbw{ROCK_IT}","data":""},{"id":10,"challenge_id":10,"type":"static","content":"dhbw{you_overflowed_me}","data":""},{"id":11,"challenge_id":11,"type":"static","content":"DHBW{1nv1sibl3_fl4g}","data":""},{"id":12,"challenge_id":12,"type":"static","content":"dhbw{guess_i_got_outguessed}","data":""},{"id":13,"challenge_id":13,"type":"static","content":"DHBW{g00d_c0mb1nation}","data":""},{"id":14,"challenge_id":14,"type":"static","content":"dhbw{i_should_not_use_insecure_functions}","data":""},{"id":15,"challenge_id":15,"type":"static","content":"dhbw{schlechter_keks}","data":""},{"id":16,"challenge_id":16,"type":"static","content":"dhbw{check_the_path}","data":""},{"id":17,"challenge_id":17,"type":"static","content":"dhbw{do_not_use_direct_references}","data":""},{"id":18,"challenge_id":18,"type":"static","content":"dhbw{even_big_frameworks_have_vulnerabilities}","data":""},{"id":19,"challenge_id":19,"type":"static","content":"dhbw{you_probably_should_not_publish_your_phonecalls}","data":""},{"id":20,"challenge_id":20,"type":"static","content":"dhbw{plz_dont_open_random_word_files}","data":""},{"id":21,"challenge_id":21,"type":"static","content":"dhbw{use_hmac}","data":""},{"id":22,"challenge_id":22,"type":"static","content":"dhbw{nice_analysis_of_my_emails}","data":""},{"id":23,"challenge_id":24,"type":"static","content":"dhbw{youpcapedmykeystrokes}","data":""}],"meta":{}}