{"count":34,"results":[{"id":1,"type":"standard","challenge_id":7,"content":"Maybe you could look up geometric cryptography and see if anything looks familar","cost":10,"requirements":{"prerequisites":[]}},{"id":2,"type":"standard","challenge_id":4,"content":"That is an odd challenge name?","cost":10,"requirements":{"prerequisites":[]}},{"id":3,"type":"standard","challenge_id":4,"content":"Maybe this tool can help\nhttps://cryptii.com/pipes/enigma-machine","cost":15,"requirements":{"prerequisites":[2]}},{"id":4,"type":"standard","challenge_id":8,"content":"Maybe you should have a look at the metadata","cost":10,"requirements":{"prerequisites":[]}},{"id":5,"type":"standard","challenge_id":8,"content":"Did the creator publish any other pictures on social media?","cost":15,"requirements":{"prerequisites":[4]}},{"id":6,"type":"standard","challenge_id":1,"content":"The implementation of RSA itself looks correct","cost":5,"requirements":{"prerequisites":[]}},{"id":7,"type":"standard","challenge_id":1,"content":"Something with these keys is bothering me...","cost":15,"requirements":{"prerequisites":[6]}},{"id":8,"type":"standard","challenge_id":1,"content":"Is there a way to get keys that are too close to each other?","cost":25,"requirements":{"prerequisites":[6,7]}},{"id":9,"type":"standard","challenge_id":2,"content":"Is there a way to get the PIN for the safe?\nMaybe you can use Ghidra...","cost":15,"requirements":{"prerequisites":[]}},{"id":10,"type":"standard","challenge_id":3,"content":"How does the computer know who won?","cost":10,"requirements":{"prerequisites":[]}},{"id":11,"type":"standard","challenge_id":3,"content":"I have never seen this strstr() function","cost":15,"requirements":{"prerequisites":[10]}},{"id":12,"type":"standard","challenge_id":6,"content":"What happens if our message is longer than the key?","cost":20,"requirements":{"prerequisites":[]}},{"id":13,"type":"standard","challenge_id":9,"content":"Which programming language rocks the most?","cost":10,"requirements":{"prerequisites":[]}},{"id":14,"type":"standard","challenge_id":11,"content":"Should we use filters to make pictures look better? I am not sure","cost":10,"requirements":{"prerequisites":[]}},{"id":17,"type":"standard","challenge_id":13,"content":"Sometimes, a file ending does not show everything","cost":5,"requirements":{"prerequisites":[]}},{"id":18,"type":"standard","challenge_id":13,"content":"What common steg tools requires a password?","cost":10,"requirements":{"prerequisites":[17]}},{"id":19,"type":"standard","challenge_id":12,"content":"What steg tools might have something in common with 'guessing'?","cost":10,"requirements":{"prerequisites":[]}},{"id":20,"type":"standard","challenge_id":14,"content":"Maybe test some common PHP mistakes when it comes to comparing strings","cost":10,"requirements":{"prerequisites":[]}},{"id":21,"type":"standard","challenge_id":14,"content":"if (strcmp($password, $PASSWORD) == 0) {\n                echo $PASSWORD;\n        }","cost":20,"requirements":{"prerequisites":[20]}},{"id":22,"type":"standard","challenge_id":15,"content":"Have a look at the JS code. Maybe you find a way to authenticate","cost":15,"requirements":{"prerequisites":[]}},{"id":23,"type":"standard","challenge_id":15,"content":"Passwords are not the only way to authenticate a user","cost":10,"requirements":{"prerequisites":[22]}},{"id":24,"type":"standard","challenge_id":16,"content":"What can you actually interact with on this website?","cost":10,"requirements":{"prerequisites":[]}},{"id":25,"type":"standard","challenge_id":16,"content":"This download for the PDF directly point to the file. I wonder how this works.","cost":15,"requirements":{"prerequisites":[24]}},{"id":26,"type":"standard","challenge_id":18,"content":"Are there any common vulnerabilities for the programs you found on this server?","cost":15,"requirements":{"prerequisites":[]}},{"id":27,"type":"standard","challenge_id":18,"content":"Maybe the error message gives away some information","cost":15,"requirements":{"prerequisites":[]}},{"id":28,"type":"standard","challenge_id":19,"content":"There is a reason for this audio file. What can you do with just some piep-sounds?","cost":10,"requirements":{"prerequisites":[]}},{"id":29,"type":"standard","challenge_id":19,"content":"Are there any standards for the frequency of phone sounds?","cost":15,"requirements":{"prerequisites":[28]}},{"id":30,"type":"standard","challenge_id":20,"content":"Maybe it is not that simple. What exactly does that Macro do?","cost":10,"requirements":{"prerequisites":[]}},{"id":31,"type":"standard","challenge_id":20,"content":"You should probably search your system for uncommon files. These hackers these days...","cost":15,"requirements":{"prerequisites":[30]}},{"id":32,"type":"standard","challenge_id":21,"content":"Is there a way to append something to a hash when you know all the important key facts?","cost":15,"requirements":{"prerequisites":[]}},{"id":33,"type":"standard","challenge_id":21,"content":"Have a look at the Hash Length Extension Attack","cost":25,"requirements":{"prerequisites":[32]}},{"id":34,"type":"standard","challenge_id":22,"content":"What is this attachement and how can we make it readable?","cost":15,"requirements":{"prerequisites":[]}},{"id":35,"type":"standard","challenge_id":5,"content":"Have a look at attacks against homomorphic encryption","cost":0,"requirements":{"prerequisites":[]}},{"id":36,"type":"standard","challenge_id":24,"content":"What device has a USB input on your PC and what do you do with it? Now think what the data could mean","cost":10,"requirements":{"prerequisites":[]}}],"meta":{}}