{"count":2,"results":[{"id":1,"oauth_id":null,"name":"admin","password":"$bcrypt-sha256$2b,12$xWpzqdWOwCVaAZxsq1tuwO$yYGfIc.tnMlqfqhwzIn0e8Zutauh8li","email":"admin@admin.com","type":"admin","secret":null,"website":null,"affiliation":null,"country":null,"bracket":null,"hidden":1,"banned":0,"verified":0,"team_id":null,"created":"2022-05-25T16:29:02"},{"id":2,"oauth_id":null,"name":"user","password":"$bcrypt-sha256$2b,12$lOpYLaAuqGXAGLwJbBCU7.$U3BjOayJS2GO5v1PEbZW1nvIkivHyp6","email":"user@user.com","type":"user","secret":null,"website":null,"affiliation":null,"country":null,"bracket":null,"hidden":0,"banned":0,"verified":0,"team_id":1,"created":"2022-05-25T16:35:08"}],"meta":{}}